star-ID,HIP,alt. ID,class,ev. s.,orbit,Porb,e_Porb,ecc,e_ecc,K1,e_K1,f(m),e_f(m),inc,e_inc,alpha,e_alpha,a,e_a,ref (orbit),Teff,e_Teff,logg,e_logg,[Fe/H],e_[Fe/H],[C/Fe],lg (C/O),[ls/Fe],[hs/Fe],[Ba/Fe],[Ba/Eu],ref (atm.),L,e_L,M,e_M,Mc,e_Mc,"ref(L,M)",plx,e_plx,ref_plx,G
default = HD,,,,,,d,d,,,km/s,km/s,Msun,Msun,deg,deg,mas,mas,AU,AU,,K,K,cgs,cgs,,,,,,,,,,Lsun,Lsun,Msun,Msun,Msun,Msun,,mas,mas,,mag
2454,2235,HR 107,dBa,d,ASB,29220,7670,0.59,0.04,,,,,34,6,,,22.2,4.3,ER23,6595,90,4.07,0.15,-0.29,0.06,,,0.61,,0.82,,Be14,,,1.23,0.07,0.5,0.09,"BL18, ER23",26.253,0.057,,5.942
5424,4347,,Ba 4,g,ASB,1906,17,0.19,0.05,3.08,0.08,0.0053,0.0004,30,3,,,3.69,0.37,"ER23, U98a",4728,80,2.5,0.2,-0.43,0.11,0.3,-0.3,1.11,1.75,2.1,1.4,Ka18,60,28,1.3,0.35,0.52,0.11,"J19, ER23",1.925,0.069,,9.196
15306,,BD -01 340,dBa,d,SB,8383,48,0.2,0.03,3.67,0.14,0.04,0.005,,,,,,,E19,6900,50,3.8,0.2,-0.4,0.14,,,,,,,E19,8.7,2.3,1.3,0.1,,,E19,5.183,0.037,,8.854
16458,13055,HR 774,Ba 5,g,ASB,2017,15,0.098,0.025,5.83,0.13,0.041,0.003,59,6,,,4.24,0.45,"ER23, MW90",4550,25,1.8,0.2,-0.64,0.1,0.28,-0.03,1.24,1.37,1.8,1.1,Ka18,217,12,1.75,0.2,0.74,0.15,"J19, ER23",6.608,0.072,,5.485
18182,13596,BD -04 496,Ba 0,g,ASB,8258,300,0.35,0.35,,,0.0002,u,33,26,,,10.9,1.5,ER23,4858,31,2.5,0.4,-0.17,0.1,,,0.43,0.38,,,"Ca16, J19",65,6,1.8,0.15,0.35,0.35,"J19, ER23",2.027,0.018,,8.721
20394,15264,BD +01 573,Ba 4,g,ASB,2248,8,0.16,0.06,2.11,0.07,0.00204,0.00023,31,3,,,4.56,0.46,"ER23, Gr96",4926,17,2.5,0,-0.22,0.12,,,1.07,1.49,,,"Ca16, J19",69,13,2,0.2,0.49,0.1,"J19, ER23",2.66,0.058,,8.459
22589,,BD -07 642,Ba 0.5,d,SB,5573,33,0.232,0.016,1.9,0.03,0.00367,0.00018,,,,,,,E19,5672,56,3.9,0.2,-0.07,0.09,,,,,,,E19,6.9,0.8,1.3,0.1,,,E19,5.831,0.039,,8.829
24035,17402,CD -72 173,Ba 4,g,ASB,378,0.5,0.014,0.016,10.6,0.3,0.0473,0.0035,71,31,,,1.41,0.15,"ER23, U98a",4700,100,2.5,0.2,-0.23,0.15,,,1.27,2.14,,,Ca16,26,13,1.3,0.25,0.76,0.25,"J19, ER23",4.247,0.081,,8.21
24864,,CD -54 750,dBa,d,SB,430,3,0,0.05,7.6,0.8,0.019,0.005,,,,,,,E19,6337,95,3.82,0.18,0,0.11,,,,,,,E19,9.2,0.6,1.38,0.06,,,E19,4.536,0.082,,8.997
26886,19816,BD -01 604,Ba 1,g,SB,1263.2,3.7,0.395,0.025,6.24,0.17,0.025,0.002,,,,,,,U98b,5000,,2.5,,-0.3,0.1,,,0.47,0.78,,,Ca16,,,,,,,,3.141,0.063,,7.742
27271,20102,BD +02 680,Ba 1,g,ASB,1681.1,1,0.224,0.007,5.3,0.1,0.0241,0.0014,103,5,,,4.23,0.27,"ER23, U98b",5022,40,2.9,0.5,-0.07,0.08,-0.06,-0.4,0.79,0.65,1.3,1,Ka18,82,15,2.9,0.2,0.7,0.09,"J19, ER23",5.351,0.103,,7.276
31487,23168,BD +51 1005,Ba 5,g,ASB,1063.8,0.4,0.037,0.018,7,0.1,0.0379,0.0015,32.1,1.2,,,3.3,0.2,"ER23, MW90",4960,50,3.1,0.2,-0.04,0.13,0.31,-0.25,1.11,1.5,1.9,1.3,Ka18,141,18,2.5,0.2,1.59,0.22,"Ka18, ER23",3.947,0.07,,7.691
34654,25222,BD +63 577,dBa,d,ASB,976,0.3,0.1114,0.0016,8.9,0.04,0.0699,0.0011,74,5,,,2.36,0.12,"ER23, E19",6174,50,4.4,0.3,-0.09,0.07,,,,,,,E19,1.8,0.3,1.19,0.05,0.64,0.06,"E19, ER23",27.14,0.41,,7.179
36598,25452,CD -70 313,Ba 4,g,SB,2653,23,0.084,0.018,5.15,0.09,0.037,0.002,,,,,,,U98a,,,,,,,,,,,,,,,,,,,,,3.428,0.066,,7.725
40430,28265,BD -10 1331,Ba 1,g,ASB,6147,278,0.262,0.025,1.67,0.06,0.0025,0.0004,23.4,0.6,,,9.4,0.8,"ER23, J19",4930,29,2.4,0.2,-0.23,0.13,,,0.67,0.9,,,"Ca16, J19",84,10,2.3,0.2,0.7,0.12,"J19, ER23",2.817,0.03,,7.81
42537,29099,CD -52 1453,Ba 5,g,SB,3216,55,0.156,0.047,4.4,0.25,0.027,0.005,,,,,,,U98a,,,,,,,,,,,,,,,,,,,,,0.868,0.017,,8.314
43389,29740,BD -02 1530,Ba 5,g,ASB,1688.4,1.4,0.083,0.017,6.26,0.12,0.0427,0.0025,111,3,,,4,0.7,"ER23, U98b",4000,50,2,0.5,-0.35,0.13,0.22,-0.1,0.57,1.38,1.8,1,Ka18,260,67,2.2,1.1,0.76,0.25,"J19, ER23",2.108,0.049,,7.883
44896,30338,CD -33 2935,Ba 5,g,ASB,629,1.1,0.019,0.013,9.04,0.07,0.0483,0.0011,78,35,,,2.29,0.1,"ER23, U98b",4300,100,0.7,,-0.25,,,-0.07,0.99,0.9,0.8,0.6,Sm84,676,158,3,1.1,1,0.2,"J19, ER23",2.356,0.073,,6.723
46407,31205,HR CMa (HR 2392),Ba 3,g,SB,457.4,0.14,0.013,0.008,9.03,0.07,0.035,0.0009,,,,,,,U98b,4854,100,2.2,0.4,-0.35,0.11,0.25,-0.08,1.22,1.53,1.9,1.3,Ka18,83,50,2.1,0.65,,,J19,5.024,0.223,,6.012
48565,32329,BD +20 1552,dBa,d,ST out,10531,210,0.37,0.06,3.9,0.2,0.053,0.003,,,,,,,E19,6030,100,3.8,0.3,-0.6,0.3,,,0.99,1.44,1.5,1.2,"KG14, E19",2.8,0.3,0.92,0.05,,,E19,20.02,0.085,,7.07
48565,32329,BD +20 1552,dBa,d,ST in,73.344,0.013,0.22,0.007,9.17,0.06,0.00542,0.0001,,,,,,,E19,6030,100,3.8,0.3,-0.6,0.3,,,0.99,1.44,1.5,1.2,"KG14, E19",2.8,0.3,0.92,0.05,,,E19,20.02,0.085,,7.07
49641,32713,BD +03 1414,Ba 3,g,ASB,1793,21,0.06,0.06,2.58,0.12,0.0031,0.0004,159.5,1.6,,,4.9,0.9,"ER23, MW90",4400,100,1.5,0.2,-0.3,0.17,,,0.71,1.45,,,Ca16,457,117,3.7,1,1.2,0.4,"J19, ER23",1.917,0.042,,6.796
49841,32831,BD +05 1440,Ba 1,g,ASB,897.5,1.9,0.162,0.015,7.12,0.12,0.0324,0.0017,109,19,,,2.8,0.1,"ER23, U98b",5200,,3.2,,0.2,,,,0.75,0.69,,,Pe11,61,12,2.85,0.1,0.82,0.16,ER23,2.452,0.106,,8.354
50082,32960,BD +06 1411,Ba 4,g,ASB,2883,6,0.19,0.02,4.54,0.11,0.027,0.002,63,3,,,5.1,0.9,"ER23, U98b",4789,100,2.4,0.5,-0.32,0.11,0.09,-0.15,0.96,1.39,1.8,1.4,Ka18,63,3.1,1.6,0.25,0.56,0.18,"J19, ER23",4.434,0.109,,7.199
50264,32894,CD -29 3557,dBa,d,ASB,910.2,0.8,0.077,0.018,9.52,0.14,0.08,0.003,103,40,,,2.1,0.2,"ER23, E19",5800,100,4.2,0.2,-0.34,0.08,0.59,,1.09,0.84,1.25,0.8,PJ03,0.89,0.08,0.9,0.1,0.63,0.13,"E19, ER23",14.01,0.37,,8.896
51959,33628,BD -06 1863,Ba 1,g,ASB,11195,475,0.295,0.047,0.92,0.06,0.00047,0.00014,163.2,0.8,,,11.8,1,"ER23, J19",4814,34,3.2,0.5,-0.21,,,,1.11,0.98,,,J19,13,2.5,1.2,0.1,0.51,0.08,"J19, ER23",5.012,0.025,,8.699
53199,34143,BD +13 1540,Ba 2,g,ASB,8233,175,0.255,0.01,3.3,0.1,0.028,0.003,103,7,,,11.7,0.5,"ER23, J19",5119,28,2.9,0.2,-0.23,0.13,,,0.69,1,,,"Ca16, J19",55,9,2.5,0.1,0.64,0.05,"J19, ER23",2.092,0.019,,8.87
58121,35935,BD +06 1648,Ba 1,g,ASB,1217,5,0.135,0.019,4.97,0.07,0.015,0.0007,121,4,,,3.4,0.5,"ER23, U98b",4600,100,1.8,0.2,-0.01,0.13,,,0.34,0.44,,,Ca16,142,21,2.6,0.45,0.67,0.19,"J19, ER23",2.17,0.055,,7.642
58368,36042,BD +07 1719,Ba 2,g,ASB,673.1,1.5,0.22,0.02,6.91,0.14,0.0213,0.0013,78,27,,,2.23,0.17,"ER23, MW90",5000,100,2.6,0.2,0.04,0.14,,,0.73,1,,,Ca16,43,6,2.6,0.15,0.66,0.17,"J19, ER23",3.024,0.088,,7.761
59852,36613,BD -04 1986,Ba 1,g,ASB,3477,80,0.14,0.08,1.85,0.12,0.0022,0.0004,26,4,,,6.6,0.8,"ER23, U98a",5000,100,2.2,0.2,-0.22,0.1,,,0.34,0.4,,,Ca16,90,10,2.5,0.25,0.62,0.15,"J19, ER23",1.968,0.023,,8.481
60197,36643,CD -29 4525,Ba 5,g,SB,3244,66,0.34,0.05,2.16,0.13,0.0028,0.0006,,,,,,,U98a,3800,50,2,0.5,-0.6,0.12,0.17,-0.1,0.89,0.97,1.7,1.1,Ka18,,,,,,,,1.031,0.018,,7.14
76225,43703,CD -26 6556,dBa,d,SB,2410,2,0.098,0.005,6.11,0.04,0.0561,0.001,,,,,,,E19,6340,50,3.9,0.2,-0.37,0.08,,,,,,,E19,5.9,0.7,1.21,0.06,,,E19,5.917,0.054,,9.113
77247,44464,PV UMa,Ba 1,g,ASB,80.5371,0.0013,0.108,0.005,8.47,0.09,0.005,0.0002,98,25,,,0.63,0.03,"ER23, MW90",5050,100,2.5,0.5,-0.13,,,,0.74,0.72,,,J19,346,41,3.9,0.15,0.54,0.11,"J19, ER23",2.454,0.023,,6.622
84678,,CD -75 446,Ba 4,g,SB,1629.9,10.4,0.06,0.02,7.16,0.12,0.062,0.003,,,,,,,U98a,4600,100,1.7,0.2,-0.13,0.16,,,1.15,1.78,,,Ca16,189,37,2.3,0.55,,,J19,1.726,0.04,,8.576
87080,49166,CD -33 6602,sgCH,d,ASB,274.31,0.05,0.162,0.016,12.17,0.07,0.0492,0.0008,60,12,,,1.05,0.1,"ER23, E19",5483,50,3.6,0.3,-0.6,0.08,0.61,,1.12,1.54,1.5,0.9,"PJ03, E19",12.5,0.8,1.38,0.15,0.7,0.18,ER23,5.187,0.06,,9.191
88562,50006,BD -15 3003,Ba 4,g,ASB,1451,1,0.203,0.013,6.98,0.12,0.0479,0.0026,87,9,,,2.9,0.3,"ER23, U98a",4000,50,2,0.5,-0.53,0.12,0.1,-0.05,0.64,1.09,1.6,0.7,Ka18,277,41,1,0.1,0.48,0.09,"J19, ER23",1.276,0.076,,8.127
89948,50805,CD -28 8124,sgCH,d,SB,673,3,0.12,0.03,9.9,0.2,0.065,0.005,,,,,,,E19,6000,400,4,0.3,-0.13,0.05,0.46,,0.73,0.67,0.86,,LB91,1.36,0.07,0.95,0.08,,,E19,24.85,0.25,,7.37
91208,51533,BD -16 3075,Ba 1,g,ASB,1770,3,0.178,0.018,5.1,0.1,0.0224,0.0016,133.6,2.3,,,4.19,0.36,"ER23, U98a",5093,67,2.9,0.3,0.05,0.14,,,0.78,0.83,,,"Ca16, J19",39,3.6,2.3,0.15,0.83,0.14,"J19, ER23",3.965,0.069,,7.812
92626,52271,CD -47 6099,Ba 5,g,ASB,921.7,1.7,0.014,0.014,7.64,0.09,0.0425,0.0015,85,9,,,3,0.5,"ER23, U98b",4800,100,2.3,,-0.15,0.22,,,1.1,2.12,,,Ca16,214,44,3.1,0.5,0.9,0.27,"J19, ER23",2.872,0.109,,6.772
95193,53717,BD -13 3265,Ba 1,g,ASB,1652,5,0.13,0.02,5.4,0.1,0.0259,0.0014,81,25,,,4.12,0.15,"ER23, U98a",5008,22,2.8,0.1,0.04,0.12,,,0.5,0.43,,,"Ca16, J19",69,10,2.7,0.1,0.71,0.09,"J19, ER23",2.765,0.072,,8.046
95241,53791,HR 4285,?dBa,d,ASB,5344,55,0.807,0.004,4.5,0.2,0.0091,0.0013,108,2,,,7.4,1.5,"ER23, E19",5837,50,3.6,0.2,-0.37,0.07,,,0.15,,0.23,,"Ed93, E19",7.8,0.8,1.5,0.8,0.34,0.12,"E19, ER23",21.421,0.05,,5.876
98839,55560,56 UMa (HR 4392),Ba 0.5,g,SB,16471,113,0.56,0.005,3.86,0.03,0.056,0.002,,,,,,,J19,4917,34,2.3,0.6,-0.05,,,,0.14,0.33,,,J19,332,60,4.3,0.2,,,J19,5.881,0.093,,4.726
98991,55598,lam Crt (HR 4395),dBa,d,ASB,2849,3,0.323,0.004,4.7,0.08,0.0259,0.0007,124.9,0.7,,,4.96,0.34,"ER23, E19",6388,50,2.7,0.4,-0.44,0.08,,,,,0.58,,"E19, Ed93",14.7,1,1.45,0.08,0.57,0.08,"E19, ER23",22.04,0.17,,4.96
100503,56404,CD -30 9311,Ba 5,g,SB,554.4,1.9,0.06,0.045,5.8,0.2,0.0112,0.0014,,,,,,,U98a,4000,50,2,0.5,-0.72,0.13,0.29,-0.03,1.09,1.71,1.4,0.2,Ka18,,,,,,,,0.936,0.035,,8.231
101013,56731,HR 4474,Ba 5,g,SB,1711,4,0.195,0.013,6.07,0.08,0.0374,0.0014,,,,,,,MW90,4722,32,2.3,0.2,-0.4,,,,1.07,1.17,,,J19,108,32,1.7,0.3,,,J19,6.32,0.13,,5.89
101079,,BD -00 2462,Ba 1,g,SB,1565.8,1.7,0.175,0.005,2.48,0.02,0.00236,0.00005,,,,,,,J19,,,,,,,,,,,,,,,,,,,,,2.43,0.07,,7.954
104979,58948,omi Vir (HR 4608),Ba 1,g,ASB,18518,1205,0.116,0.042,,,,,147.8,1.6,,,21.1,1.7,ER23,5060,100,2.7,0.2,-0.26,,0.03,,0.77,1.08,0.94,0.54,KG15,95,16,2.7,0.15,0.94,0.14,"J19, ER23",19.49,0.17,,3.858
106191,,BD -14 3478,dBa,d,SB,1314,13,0.15,0.1,7.1,0.5,0.048,0.008,,,,,,,E19,5946,50,4.3,0.4,-0.29,0.1,,,,,,,E19,2,0.2,0.95,0.05,,,E19,5.93,0.3,,9.881
107541,60292,CD -34 8098,Ba 4,g,ASB,3583,47,0.095,0.035,4.31,0.12,0.0294,0.0026,128,3,,,5.5,0.8,"ER23, U98b",5000,100,3.2,0.2,-0.63,0.11,,,1.44,2.19,,,Ca16,11,2.6,1.13,0.15,0.55,0.16,"J19, ER23",3.996,0.044,,9.151
107574,60299,BD -17 3602,dBa,d,ASB,1384.8,1.5,0.083,0.005,2.238,0.009,0.00159,0.00002,166.3,0.4,,,2.99,0.12,"ER23, E19",6340,100,3.6,0.5,-0.65,0.1,0.47,,1.02,0.82,1,,KG15,5.6,0.2,1.11,0.05,0.74,0.06,"E19, ER23",5.278,0.107,,8.444
114520,64312,BD +22 2550,dBa,d,SB2,437.94,0.18,0.523,0.003,12.41,0.06,0.054,0.002,,,,,,,E19,,,,,,,,,,,,,,,,,,,,,6.7,0.16,,6.744
119185,66844,BD -12 3870,Ba 1,g,ASB,25385,5114,0.61,0.08,,,,,98,10,,,22.5,3,ER23,4919,18,2.5,0,-0.43,0.1,,,0.26,0.57,,,"Ca16, J19",77,13,1.7,0.2,0.65,0.08,"J19, ER23",2.104,0.022,,8.654
120620,,BD -03 3537,Ba 4,g,SB,217.2,0.1,0.01,0.01,14.06,0.11,0.0623,0.0015,,,,,,,"E19, U98a",4831,13,3,0.3,-0.3,0.1,0.47,-0.3,1.33,1.56,2,1.3,Ka18,12.2,1.6,1.2,0.2,,,E19,3.276,0.074,,9.363
121447,68023,IT Vir,Ba 5 / eS,g,ASB,185.65,0.05,0.012,0.01,10.96,0.13,0.025,0.001,59,76,,,0.85,0.05,"ER23, J95",4000,50,1,0.5,-0.9,0.13,0.54,-0.02,1.48,2.31,1.9,0.8,Ka18,,,1.6,0.1,0.72,0.36,"J19, ER23",1.862,0.029,,7.258
123585,69176,CD -43 8827,sgCH,d,ASB,460.1,1.4,0.03,0.04,11.7,0.2,0.077,0.004,90,19,,,1.41,0.11,"ER23, E19",6047,100,3.5,0.5,-0.5,0.25,,,,,,,No94,3.5,1,1,0.1,0.65,0.11,"E19, ER23",6.19,0.21,,9.163
123949,69290,BD -18 3763,Ba 4,g,ASB,8544,12,0.9167,0.0007,9.33,0.02,0.0462,0.0005,122,5,,,10.8,0.9,"ER23, J19",4378,80,1.8,0.5,-0.31,0.13,0.28,-0.05,0.9,1.25,1.9,1.4,Ka18,92,35,1.55,0.5,0.78,0.15,"J19, ER23",1.979,0.098,,8.34
127392,71058,CD -30 11497,sgCH,d,ASB,1506.8,1.8,0.088,0.017,8.25,0.09,0.087,0.003,119,15,,,3.1,0.6,"ER23, E19",5600,300,3.9,0.05,-0.52,0.05,,,0.76,0.93,,,LB91,0.98,0.13,0.8,0.3,0.73,0.26,"E19, ER23",10.74,0.24,,9.525
131670,73007,BD -06 4102,Ba 1,g,SB,2929.7,12.2,0.162,0.014,5.16,0.08,0.04,0.0018,,,,,,,U98a,4700,,2.2,,-0.04,0.15,,,0.61,0.89,,,Ca16,,,,,,,,3.678,0.061,,7.714
134698,,BD -09 4082,Ba 1,g,SB,10005,u,0.95,u,,,0.054,u,,,,,,,J19,4438,30,1.7,0.3,-0.52,0.12,,,0.57,0.59,,,"Ca16, J19",192,31,1.5,0.15,,,J19,1.641,0.025,,8.304
136138,74896,HR 5692,Ba mild,g,ASB,506.45,0.18,0.335,0.006,6.34,0.044,0.0113,0.0003,42.9,6.7,4.14,0.52,1.67,,"St11, Gr09",5032,58,3,0.2,-0.08,0.09,-0.24,-0.37,0.57,0.3,0.81,,Me16,56,,1.84,0.4,0.59,0.12,St11,7.79,0.22,,5.424
139195,76425,16 Ser (HR 5802),Ba 1,g,ASB,5296,14,0.32,0.02,3.86,0.09,0.0263,0.0021,97.6,1.1,,,8.8,0.3,"ER23, Gr91",5029,29,3.1,0.2,-0.07,,,,0.76,0.58,,,J19,44,6,2.6,0.1,0.66,0.05,"J19, ER23",14.31,0.093,,5.015
141804,,CD -53 6286,sgCH,d,SB,2652,95,0,0.05,6.28,0.16,0.068,0.007,,,,,,,E19,6000,400,3.5,0.3,-0.41,0.05,0.24,,1.04,1.14,1.25,,LB91,1.77,0.07,0.9,0.2,,,E19,11.3,0.18,,8.926
143899,78681,BD -19 4296,Ba 1,g,ASB,1461.8,1.2,0.18,0.04,5,0.1,0.0174,0.0011,125,3,,,3.66,0.15,"ER23, U98a",5144,26,2.9,0.3,-0.27,0.12,,,0.71,0.9,,,"Ca16, J19",50,12,2.4,0.1,0.66,0.06,"J19, ER23",4.003,0.059,,7.977
147609,,BD +27 2631,dBa,d,SB,1146.2,1.5,0.058,0.005,2.947,0.016,0.0031,0.00005,,,,,,,E19,6411,50,3.9,0.5,-0.23,0.09,,,,,,,E19,10.2,1.3,1.4,0.1,,,E19,6.01,0.15,,9.093
150862,,CD -24 12805,sgCH,d,SB,291,4,0.28,0.09,12,2,0.045,0.003,,,,,,,E19,6182,50,4.1,0.3,-0.33,0.08,,,,,,,E19,2.2,0.2,1.04,0.05,,,E19,9.76,0.21,,9.11
154430,,CD -59 6437,Ba 4,g,SB,1668,17,0.11,0.03,5.9,0.2,0.034,0.003,,,,,,,U98a,4200,100,1.2,0.2,-0.36,0.19,,,0.95,1.67,,,Ca16,685,330,2.3,1,,,J19,1.056,0.043,,8.223
165141,88743,V832 Ara,Ba 1,g,SB,4760,120,0.05,0.03,,,0.015,0.001,,,,,,,Sw17,,,,,,,,,,,,,,,,,,,,,5.465,0.049,,6.885
178717,94103,BD +10 3801,Ba 5,g,ASB,2912,14,0.46,0.03,2.96,0.11,0.0056,0.0006,35,4,,,5.2,0.8,ER23. MW90,3800,50,1,0.5,-0.52,0.11,0.09,-0.003,0.66,0.8,1,0.5,Ka18,1617,1516,1.73,0.8,0.53,0.16,"J19, ER23",2.595,0.029,,6.478
180622,94785,BD +00 4158,Ba 1,g,ASB,4045,30,0.079,0.035,5.5,0.5,0.07,0.02,100,6,,,6.85,1.1,"ER23, U98b",4600,100,2.2,0.2,0.03,0.12,,,0.51,0.38,,,Ca16,63,5,1.8,0.2,0.8,0.24,"J19, ER23",4.823,0.049,,7.3
182274,95293,BD +19 3996,sgCH,d,ASB,8393,51,0.039,0.013,2.99,0.16,0.0227,0.005,50.5,1,,,9.6,0.5,"ER23, E19",6327,50,4.3,0.2,-0.32,0.09,,,,,,,E19,2.06,0.14,1.09,0.05,0.55,0.06,"E19, ER23",17.454,0.041,,7.694
183915,96024,BD +11 3871,Ba 2,g,ASB,4344,20,0.408,0.036,0.56,0.01,0.000072,0.000005,174.3,0.3,,,7.05,1.2,"ER23, J19",4500,130,1.6,0.4,-0.39,0.14,,,0.78,1.69,,,"Ca16, J19",266,117,1.87,0.9,0.61,0.19,"J19, ER23",2.602,0.034,,6.958
196445,101887,CD -40 13972,Ba 4,g,SB,3221,43,0.24,0.02,4.7,0.1,0.031,0.002,,,,,,,U98a,4400,,1.4,,-0.19,0.17,,,0.99,1.58,,,Ca16,,,,,,,,1.098,0.028,,8.691
196673,101788,BD +32 3883,Ba 2,g,SB,7780,117,0.59,0.02,3.7,0.1,0.02,0.003,,,,,,,J19,4914,9,2.5,0.3,0.12,,,,0.13,0.35,,,J19,900,300,5,0.1,,,J19,1.68,0.61,Hip,V = 7.35
199394,103263,BD +45 3327,Ba 1,g,SB,5232,u,0.11,u,,,,,,,,,,,J19,,,,,,,,,,,,,,,,,,,,,5.481,0.028,,6.766
199939,103546,BD +43 3779,Ba 4,g,ASB,585.39,0.09,0.281,0.012,7.8,0.1,0.025,0.001,82,21,,,2.12,0.18,"ER23, MW90",4710,9,2.4,0.4,-0.22,0.11,0.29,-0.25,1.27,1.7,2.2,1.5,Ka18,214,56,2.7,0.4,0.73,0.14,ER23,2.808,0.045,,7.147
200063,103722,BD +00 4639,Ba 1,g,ASB,1743,8,0.07,0.04,6.9,0.2,0.058,0.004,115,5,,,4.3,0.5,"ER23, U98b",4100,100,1.1,0.2,-0.34,0.2,,,0.75,1.13,,,Ca16,753,572,2.4,1.1,0.95,0.26,"J19, ER23",2.208,0.034,,6.749
201657,104542,BD +16 4469,Ba 4,g,ASB,1702,4,0.16,0.07,2.9,0.2,0.004,0.001,153,3,,,3.9,0.6,"ER23, U98b",4700,100,2.2,0.2,-0.34,0.17,,,0.85,1.68,,,Ca16,80,19,1.8,0.45,0.66,0.18,"J19, ER23",3.817,0.106,,7.723
201824,104684,BD -08 5603,Ba 4,g,ASB,2922,23,0.3,0.04,5.45,0.11,0.04,0.003,54,6,,,5.5,1.1,"ER23, Gr96",4937,52,2.6,0.2,-0.34,0.17,,,0.89,1.53,,,"Ca16, J19",69,20,1.8,0.3,0.78,0.28,"J19, ER23",2.06,0.025,,8.695
202109,104732,zet Cyg (HR 8115),Ba 1,g,SB,6489,31,0.22,0.03,3.31,0.12,0.0227,0.0025,,,,,,,GK92,4950,64,2.7,0.1,-0.03,0.08,-0.22,-0.35,0.41,0.31,1.02,,Me16,147,28,3.4,0.3,,,J19,22.79,0.35,Hip,2.836
202400,105294,CD -70 1824,dBa,d,ASB,1391,6,0.25,0.09,7.26,0.46,0.0513,0.01,61,67,,,2.9,0.2,"ER23, No20",6200,100,4,0.2,-0.7,0.1,,,,,,,No94,,,0.98,0.08,0.65,0.13,"No20, ER23",5.09,0.15,,9.097
204075,105881,zet Cap (HR 8204),Ba 2,g,ASB,2367,9,0.26,0.05,2.65,0.18,0.004,0.001,133,5,,,6.01,0.41,"ER23, MW90",5269,53,1.7,0.3,-0.08,0.13,0.11,-0.1,1.37,0.95,1.97,,"Me16, J19",561,162,4.5,0.25,0.67,0.1,"J19, ER23",8.46,0.21,Hip,3.426
205011,106306,BD +23 4329,Ba 1,g,ASB,2846,5,0.231,0.024,5.01,0.13,0.034,0.003,74,5,,,5.3,0.9,"ER23, MW90",4803,21,2.5,0.1,-0.26,,,,0.84,0.82,,,J19,73,15,1.8,0.3,0.61,0.19,"J19, ER23",6.148,0.042,,6.179
207585,107818,CD -24 16860,sgCH,d,ASB,671.7,0.4,0.03,0.03,10.4,0.3,0.078,0.007,93,20,,,1.72,0.16,"ER23, E19",5400,300,3.3,0.3,-0.57,0.05,,,1.15,1.22,,,LB91,3.8,0.8,0.9,0.1,0.57,0.12,ER23,4.84,0.19,,9.662
210946,109747,BD +00 4838,Ba 1,g,ASB,1521,0.9,0.109,0.011,6.43,0.07,0.0413,0.0014,114,8,,,3.9,0.5,"ER23, U98b",4780,76,2.4,0.2,-0.12,0.13,,,0.67,0.74,,,"Ca16, J19",74,25,1.8,0.45,0.86,0.26,"J19, ER23",2.699,0.072,,7.818
211594,110108,BD -06 5964,Ba 4,g,ASB,1018.5,0.5,0.058,0.013,5.1,0.06,0.014,0.0005,123,16,,,2.8,0.4,"ER23, U98b",4947,57,2.6,0.1,-0.43,0.14,,,1.19,1.94,,,"Ca16, J19",63,14,2,0.25,0.55,0.16,"J19, ER23",3.84,0.17,,7.839
211954,,CD -27 15871,Ba 4,g,SB,10889,113,0.24,0.05,4.1,0.8,0.07,0.06,,,,,,,J19,4400,,1.7,,-0.51,0.19,,,1.08,1.72,,,Ca16,,,,,,,,0.959,0.014,,9.901
216219,112821,BD +17 4818,Ba 1,d,ASB,3948,23,0.085,0.05,2.98,0.1,0.0113,0.0013,33.5,1.8,,,6.24,0.4,"ER23, E19",5900,50,3.6,0.3,-0.17,0.08,,,0.99,1.04,1.1,1,"KG14, E19",9.9,0.8,1.45,0.1,0.63,0.08,"E19, ER23",9.69,0.16,,7.313
218356,114155,56 Peg (HR 8796),Ba 2,g,AST out,15194,2630,0.39,0.13,,,,,157,5,,,22.1,3.6,ER23,,,,,,,,,,,,,,,,4.3,0.65,0.85,0.25,"J19, ER23",5.51,0.23,Hip,4.243
218356,114155,56 Peg (HR 8796),Ba 2,g,AST in,111.15,0.014,0.072,0.048,1.47,0.04,0.000037,0.000003,90,42,,,0.79,0.09,"ER23, Gr06",4244,137,1.3,0.4,-0.45,0.12,0.01,-0.2,0.34,0.3,1.46,,Me16,733,217,4.3,0.65,0.13,0.06,"J19, ER23",5.51,0.23,Hip,4.243
221531,116233,BD -12 6514,dBa,d,ASB,1402.3,1.2,0.165,0.005,6.44,0.04,0.0372,0.0007,59,3,,,3,0.2,"ER23, E19",6460,100,4.2,0.5,-0.3,0.25,,,,,,,No94,4.7,1.4,1.2,0.1,0.58,0.09,"E19, ER23",8.17,0.24,,8.24
222349,,CD -57 8842,dBa,d,SB,3018.6,5.6,0.112,0.023,6.89,0.11,0.1004,0.0048,,,,,,,No20,6000,100,3.8,0.2,-0.9,0.1,,,,,,,No94,,,0.73,0.05,,,No20,8.37,0.16,,9.09
223617,117607,BD +01 4786,Ba 2,g,SB,1293.7,3.9,0.06,0.02,3.63,0.08,0.0064,0.0004,,,,,,,U98b,4560,20,2.2,0.1,-0.2,,,,0.72,0.85,,,J19,65,5,1.4,0.1,,,J19,5.03,0.13,,6.658
224621,118266,CD -36 16122,sgCH,d,ASB,308.2,0.11,0.02,0.012,8.173,0.092,0.01741,0.00059,31,7,,,1.03,0.06,"ER23, No20",6000,100,4,0.3,-0.4,0.1,,,0.62,0.67,,,LB91,,,0.85,0.06,0.66,0.26,ER23,13.11,0.23,,9.489
288174,26695,BD +01 1093,Ba 1,g,SB,1824.3,7.1,0.194,0.015,4.55,0.07,0.0168,0.0007,,,,,,,U98a,4800,,2.3,,-0.05,0.15,,,0.75,1.01,,,Ca16,,,,,,,,1.909,0.029,,8.617
114520B,64312,BD +22 2550,?,d,SB2,437.94,0.18,0.523,0.003,17.02,0.12,,,,,,,,,E19,,,,,,,,,,,,,,,,,,,,,6.7,0.16,,
BD -01 3022,,,Ba 1,g,SB,3253,31,0.285,0.018,3.76,0.09,0.0159,0.0012,,,,,,,U98a,4832,25,2.7,0.4,-0.14,,,,0.65,0.39,,,J19,56,5,1.6,0.1,,,J19,2.039,0.035,,8.97
BD -10 4311,80356,,sgCH / Ba 1,d,ASB,4872,14,0.047,0.006,5.29,0.11,0.074,0.005,73,3,,,6.2,0.7,"ER23, E19",5860,50,3.9,0.3,-0.65,0.1,,,,,,,E19,1.99,0.05,0.8,0.1,0.52,0.11,"E19, ER23",7.833,0.033,,9.706
BD -11 3853,73444,HE 1457-1215,sgCH,d,ASB,23376,9862,0.46,0.05,,,,,102,9,,,19,6,ER23,6077,68,4.2,0.1,-0.94,0.05,,,0.96,,1.29,,Be14,,,0.85,0.04,0.76,0.14,"BL18, ER23",5.991,0.017,,10.093
BD -14 2678,43527,,Ba 0.5,g,ASB,3481,205,0.25,0.05,4.07,0.14,0.0225,0.0025,93,16,,,7,0.5,"ER23, U98a",5200,100,3.1,0.2,0.01,0.12,,,0.93,0.97,,,Ca16,73,17,3,0.2,0.67,0.1,"J19, ER23",1.34,0.015,,9.581
BD -18 255,,,dBa,d,SB,1585,6,0.075,0.011,7.25,0.07,0.062,0.0017,,,,,,,E19,6800,400,4.3,0.3,-0.18,0.05,,,1.44,1.62,,,LB91,4.2,1.2,1.3,0.15,,,E19,5.318,0.104,,10.111
BD +18 5215,,,dBa,d,SB,1516,11,0.13,0.06,3.09,0.16,0.0045,0.0007,,,,,,,E19,6450,50,4.4,0.4,-0.5,0.09,,,,,,,E19,1.86,0.11,1.1,0.1,,,E19,6.51,0.22,,9.597
BD +38 118,,,Ba 5,g,ST out,3877,112,0.21,0.06,1.65,0.11,0.0017,0.0004,,,,,,,U98a,,,,,,,,,,,,,,,,,,,,,0.874,0.048,,8.439
BD +38 118,,,Ba 5,g,ST in,299.4,0.2,0.144,0.013,7.76,0.08,0.0141,0.0004,,,,,,,U98a,,,,,,,,,,,,,,,,,,,,,0.874,0.048,,8.439
CD -42 2048,,,Ba 4,g,SB,3260,28,0.08,0.016,5.8,0.1,0.065,0.004,,,,,,,U98a,4400,100,1.6,,-0.23,0.16,,,0.96,1.34,,,Ca16,234,67,1.9,0.6,,,J19,1.169,0.012,,8.933
CpD -64 4333,,,Ba 4,g,SB,386,0.5,0.031,0.012,12,0.2,0.0684,0.0034,,,,,,,U98a,4900,100,2.6,,-0.1,0.18,,,1.12,1.96,,,Ca16,37,3,1.4,0.1,,,J19,2.04,0.051,,9.339
IC 4756 139,,BD +05 3888,Ba mild,g,SB,3834,36,0.216,0.034,2.59,0.1,0.00645,0.00092,,,,,,,Me07,5220,,2.7,,-0.06,,,,0.18,0.27,,,Sw17,,,2.63,0.05,,,Sw17,2.106,0.034,,9.304
Lu 163,,,Ba 5,g,SB,965,16,0.03,0.07,3.1,0.2,0.0029,0.0006,,,,,,,U98a,,,,,,,,,,,,,,,,,,,,,,,,
NGC 2335 4,34316,BD -09 1851,Ba mild,g,SB,300.76,0.16,0,,7.87,0.15,0.01525,0.00088,,,,,,,Me07,4750,,1.2,,-0.03,,,,0.46,0.16,,,Sw17,,,4.4,0.05,,,Sw17,0.544,0.033,,9.051
NGC 2420 173,,,Ba strong,g,SB,1479.6,9.1,0.421,0.048,4.1,0.15,0.0079,0.0015,,,,,,,Me07,5150,100,2.2,,-0.26,,,,0.86,0.61,,,Sw17,,,2.1,0.05,,,Sw17,0.465,0.021,,11.534
NGC 2420 250,,,Ba 5,g,SB,1403.6,3.5,0.08,0.03,6.9,0.21,0.0473,0.0047,,,,,,,Me07,,,,,-0.26,,,,,,,,Sw17,,,2.1,0.05,,,Sw17,0.508,0.031,,11.112
NGC 2477 1044,,,Ba mild,g,SB,3108,52,0.074,0.06,3.22,0.2,0.0107,0.0023,,,,,,,Me07,4780,,2.6,,0.01,,,,0.42,0.26,,,Sw17,,,2.33,0.05,,,Sw17,,,,
NGC 5822 2,,CD -53 5827,Ba mild,g,SB,1002.2,3.5,0.132,0.029,4.49,0.11,0.00916,0.00082,,,,,,,Me07,5100,100,2.4,0.2,-0.15,0.09,-0.07,-0.23,0.77,0.75,,,KS13,,,2.49,0.11,,,Sw17,1.356,0.033,,9.22
