q,R,e_init,age,a,e,spin1,type1,m1,m2,amloss
0.8,200.0,0.65,"[1.09365005e+07 1.11810220e+07 1.14377696e+07 ... 1.24560967e+09
 1.24560977e+09 1.24560982e+09]","[502.03340924 502.03340924 502.03340924 ... 242.61665871 242.2505247
 242.10035063]","[6.50000000e-01 6.50000000e-01 6.50000000e-01 ... 9.80677724e-08
 9.80677724e-08 9.80677724e-08]","[1.37401871e-04 1.37416591e-04 1.37430803e-04 ... 3.01579188e-07
 3.08245353e-07 3.10975727e-07]",[1 1 1 ... 5 5 5],[2.         2.         2.         ... 1.99994485 1.99994485 1.99994485],[1.6        1.6        1.6        ... 1.60000214 1.60000214 1.60000214],"[ 0.00000000e+00  0.00000000e+00  0.00000000e+00 ... -3.45973538e-07
 -3.45982402e-07 -3.45987678e-07]"
0.8,209.18367346938777,0.65,"[1.09365005e+07 1.11810220e+07 1.14377696e+07 ... 1.24575140e+09
 1.24575140e+09 1.24575170e+09]","[525.08596375 525.08596375 525.08596375 ... 260.06521974 260.06521974
 260.06499175]","[6.50000000e-01 6.50000000e-01 6.50000000e-01 ... 9.87250275e-08
 9.87250275e-08 9.87250274e-08]","[1.37401871e-04 1.37416591e-04 1.37430803e-04 ... 2.83808056e-07
 2.83808056e-07 2.83643607e-07]",[1 1 1 ... 5 5 5],[2.         2.         2.         ... 1.99994335 1.99994335 1.99994335],[1.6        1.6        1.6        ... 1.60000216 1.60000216 1.60000216],"[ 0.00000000e+00  0.00000000e+00  0.00000000e+00 ... -3.60583550e-07
 -3.60583550e-07 -3.60616674e-07]"
0.8,218.3673469387755,0.65,"[1.09365005e+07 1.11810220e+07 1.14377696e+07 ... 1.24581600e+09
 1.24581610e+09 1.24581617e+09]","[548.13851825 548.13851825 548.13851825 ... 274.80858848 273.70921413
 273.30011608]","[6.50000000e-01 6.50000000e-01 6.50000000e-01 ... 9.97278828e-08
 9.97278828e-08 9.97278828e-08]","[1.37401871e-04 1.37416591e-04 1.37430803e-04 ... 2.31891197e-07
 2.46659134e-07 2.52105401e-07]",[1 1 1 ... 5 5 5],[2.         2.         2.         ... 1.99994261 1.99994261 1.99994261],[1.6        1.6        1.6        ... 1.60000215 1.60000215 1.60000215],"[ 0.00000000e+00  0.00000000e+00  0.00000000e+00 ... -3.67962878e-07
 -3.67975313e-07 -3.67982933e-07]"
0.8,227.55102040816325,0.65,"[1.09365005e+07 1.11810220e+07 1.14377696e+07 ... 1.24583898e+09
 1.24583898e+09 1.24583920e+09]","[571.19107276 571.19107276 571.19107276 ... 294.19800545 294.19800545
 294.18539999]","[6.50000000e-01 6.50000000e-01 6.50000000e-01 ... 9.93785129e-08
 9.93785129e-08 9.93785129e-08]","[1.37401871e-04 1.37416591e-04 1.37430803e-04 ... 2.35830313e-07
 2.35830313e-07 2.35837978e-07]",[1 1 1 ... 5 5 5],[2.         2.         2.         ... 1.99994229 1.99994229 1.99994229],[1.6        1.6        1.6        ... 1.60000208 1.60000208 1.60000208],"[ 0.00000000e+00  0.00000000e+00  0.00000000e+00 ... -3.71623627e-07
 -3.71623627e-07 -3.71658869e-07]"
0.8,236.73469387755102,0.65,"[1.09365005e+07 1.11810220e+07 1.14377696e+07 ... 1.24585358e+09
 1.24585358e+09 1.24585358e+09]","[594.24362726 594.24362726 594.24362726 ... 324.21752578 324.21752578
 324.17858993]","[6.50000000e-01 6.50000000e-01 6.50000000e-01 ... 9.94870093e-08
 9.94870093e-08 9.94870093e-08]","[1.37401871e-04 1.37416591e-04 1.37430803e-04 ... 1.46417716e-07
 1.46417716e-07 1.46178815e-07]",[1 1 1 ... 5 5 5],[2.         2.         2.         ... 1.99994208 1.99994208 1.99994208],[1.6        1.6        1.6        ... 1.60000199 1.60000199 1.60000199],"[ 0.00000000e+00  0.00000000e+00  0.00000000e+00 ... -3.74127588e-07
 -3.74127588e-07 -3.74127775e-07]"
0.8,245.9183673469388,0.65,"[1.09365005e+07 1.11810220e+07 1.14377696e+07 ... 1.24585360e+09
 1.24585360e+09 1.24585360e+09]","[617.29618177 617.29618177 617.29618177 ... 340.68915997 340.68915997
 340.68489494]","[6.50000000e-01 6.50000000e-01 6.50000000e-01 ... 9.97847684e-08
 9.97847684e-08 9.97847684e-08]","[1.37401871e-04 1.37416591e-04 1.37430803e-04 ... 1.29339336e-07
 1.29339336e-07 1.29327409e-07]",[1 1 1 ... 5 5 5],[2.         2.         2.         ... 1.99994208 1.99994208 1.99994208],[1.6        1.6        1.6        ... 1.60000188 1.60000188 1.60000188],"[ 0.00000000e+00  0.00000000e+00  0.00000000e+00 ... -3.74436072e-07
 -3.74436072e-07 -3.74436093e-07]"
0.8,255.10204081632654,0.65,"[1.09365005e+07 1.11810220e+07 1.14377696e+07 ... 1.24585362e+09
 1.24585362e+09 1.24585362e+09]","[640.34873627 640.34873627 640.34873627 ... 353.98107583 353.98107583
 353.96325067]","[6.50000000e-01 6.50000000e-01 6.50000000e-01 ... 9.80073662e-08
 9.80073662e-08 9.80073662e-08]","[1.37401871e-04 1.37416591e-04 1.37430803e-04 ... 1.18041215e-07
 1.18041215e-07 1.18020315e-07]",[1 1 1 ... 5 5 5],[2.         2.         2.         ... 1.99994208 1.99994208 1.99994208],[1.6        1.6        1.6        ... 1.60000178 1.60000178 1.60000178],"[ 0.00000000e+00  0.00000000e+00  0.00000000e+00 ... -3.74843966e-07
 -3.74843966e-07 -3.74844058e-07]"
0.8,264.2857142857143,0.65,"[1.09365005e+07 1.11810220e+07 1.14377696e+07 ... 1.24585364e+09
 1.24585364e+09 1.24585364e+09]","[663.40129078 663.40129078 663.40129078 ... 367.24071956 367.24071956
 367.16328354]","[6.50000000e-01 6.50000000e-01 6.50000000e-01 ... 9.98648579e-08
 9.98648579e-08 9.98648579e-08]","[1.37401871e-04 1.37416591e-04 1.37430803e-04 ... 1.08508829e-07
 1.08508829e-07 1.08501055e-07]",[1 1 1 ... 5 5 5],[2.         2.         2.         ... 1.99994208 1.99994208 1.99994208],[1.6        1.6        1.6        ... 1.60000169 1.60000169 1.60000169],"[ 0.00000000e+00  0.00000000e+00  0.00000000e+00 ... -3.75424360e-07
 -3.75424360e-07 -3.75424793e-07]"
0.8,273.46938775510205,0.65,"[1.09365005e+07 1.11810220e+07 1.14377696e+07 ... 1.24585366e+09
 1.24585366e+09 1.24585366e+09]","[686.45384529 686.45384529 686.45384529 ... 380.28536709 380.28536709
 380.28043847]","[6.50000000e-01 6.50000000e-01 6.50000000e-01 ... 9.96629159e-08
 9.96629159e-08 9.96629159e-08]","[1.37401871e-04 1.37416591e-04 1.37430803e-04 ... 1.00562561e-07
 1.00562561e-07 1.00567065e-07]",[1 1 1 ... 5 5 5],[2.         2.         2.         ... 1.99994208 1.99994208 1.99994208],[1.6       1.6       1.6       ... 1.6000016 1.6000016 1.6000016],"[ 0.00000000e+00  0.00000000e+00  0.00000000e+00 ... -3.76172022e-07
 -3.76172022e-07 -3.76172052e-07]"
0.8,282.6530612244898,0.65,"[1.09365005e+07 1.11810220e+07 1.14377696e+07 ... 1.24585368e+09
 1.24585368e+09 1.24585368e+09]","[709.50639979 709.50639979 709.50639979 ... 393.38923234 393.38923234
 393.27685593]","[6.50000000e-01 6.50000000e-01 6.50000000e-01 ... 9.84138773e-08
 9.84138773e-08 9.84138773e-08]","[1.37401871e-04 1.37416591e-04 1.37430803e-04 ... 9.39807388e-08
 9.39807388e-08 9.41481132e-08]",[1 1 1 ... 5 5 5],[2.         2.         2.         ... 1.99994208 1.99994208 1.99994208],[1.6        1.6        1.6        ... 1.60000152 1.60000152 1.60000152],"[ 0.00000000e+00  0.00000000e+00  0.00000000e+00 ... -3.77075453e-07
 -3.77075453e-07 -3.77076220e-07]"
0.8,291.8367346938776,0.65,"[1.09365005e+07 1.11810220e+07 1.14377696e+07 ... 1.24585370e+09
 1.24585370e+09 1.24585371e+09]","[732.5589543  732.5589543  732.5589543  ... 406.1866128  406.1866128
 406.10341687]","[6.50000000e-01 6.50000000e-01 6.50000000e-01 ... 9.93511392e-08
 9.93511392e-08 9.93511392e-08]","[1.37401871e-04 1.37416591e-04 1.37430803e-04 ... 8.90781339e-08
 8.90781339e-08 8.92480213e-08]",[1 1 1 ... 5 5 5],[2.         2.         2.         ... 1.99994207 1.99994207 1.99994207],[1.6        1.6        1.6        ... 1.60000145 1.60000145 1.60000145],"[ 0.00000000e+00  0.00000000e+00  0.00000000e+00 ... -3.78126444e-07
 -3.78126444e-07 -3.78127091e-07]"
0.8,301.0204081632653,0.65,"[1.09365005e+07 1.11810220e+07 1.14377696e+07 ... 1.24585374e+09
 1.24585374e+09 1.24585374e+09]","[755.6115088  755.6115088  755.6115088  ... 418.68988454 418.68988454
 418.65644465]","[6.50000000e-01 6.50000000e-01 6.50000000e-01 ... 9.96488081e-07
 9.96488081e-07 9.95902672e-07]","[1.37401871e-04 1.37416591e-04 1.37430803e-04 ... 8.60211088e-08
 8.60211088e-08 8.61042869e-08]",[1 1 1 ... 5 5 5],[2.         2.         2.         ... 1.99994207 1.99994207 1.99994207],[1.6        1.6        1.6        ... 1.60000138 1.60000138 1.60000138],"[ 0.00000000e+00  0.00000000e+00  0.00000000e+00 ... -3.79314597e-07
 -3.79314597e-07 -3.79314903e-07]"
0.8,310.2040816326531,0.65,"[1.09365005e+07 1.11810220e+07 1.14377696e+07 ... 1.24585377e+09
 1.24585377e+09 1.24585378e+09]","[778.66406331 778.66406331 778.66406331 ... 430.91516121 430.91516121
 430.68935848]","[6.50000000e-01 6.50000000e-01 6.50000000e-01 ... 2.18394645e-05
 2.18394645e-05 2.17522438e-05]","[1.37401871e-04 1.37416591e-04 1.37430803e-04 ... 8.48911540e-08
 8.48911540e-08 8.55384978e-08]",[1 1 1 ... 5 5 5],[2.         2.         2.         ... 1.99994207 1.99994207 1.99994207],[1.6        1.6        1.6        ... 1.60000132 1.60000132 1.60000132],"[ 0.00000000e+00  0.00000000e+00  0.00000000e+00 ... -3.80632599e-07
 -3.80632599e-07 -3.80635140e-07]"
0.8,319.38775510204084,0.65,"[1.09365005e+07 1.11810220e+07 1.14377696e+07 ... 1.24585384e+09
 1.24585384e+09 1.24585385e+09]","[801.71661782 801.71661782 801.71661782 ... 441.70963979 441.70963979
 441.24700487]","[6.50000000e-01 6.50000000e-01 6.50000000e-01 ... 2.13356961e-04
 2.13356961e-04 2.11401035e-04]","[1.37401871e-04 1.37416591e-04 1.37430803e-04 ... 8.97730861e-08
 8.97730861e-08 9.13696075e-08]",[1 1 1 ... 5 5 5],[2.         2.         2.         ... 1.99994207 1.99994207 1.99994207],[1.6        1.6        1.6        ... 1.60000126 1.60000126 1.60000126],"[ 0.00000000e+00  0.00000000e+00  0.00000000e+00 ... -3.82107727e-07
 -3.82107727e-07 -3.82115200e-07]"
0.8,328.57142857142856,0.65,"[1.09365005e+07 1.11810220e+07 1.14377696e+07 ... 1.24595845e+09
 1.24595845e+09 1.24595846e+09]","[824.76917232 824.76917232 824.76917232 ... 456.28571683 456.28571683
 455.93265501]","[6.50000000e-01 6.50000000e-01 6.50000000e-01 ... 2.19904113e-04
 2.19904113e-04 2.18589685e-04]","[1.37401871e-04 1.37416591e-04 1.37430803e-04 ... 7.84877081e-08
 7.84877081e-08 7.95090469e-08]",[1 1 1 ... 6 6 6],[2.         2.         2.         ... 1.99994077 1.99994077 1.99994077],[1.6       1.6       1.6       ... 1.6000016 1.6000016 1.6000016],"[ 0.00000000e+00  0.00000000e+00  0.00000000e+00 ... -3.99013830e-07
 -3.99013830e-07 -3.99019386e-07]"
0.8,337.7551020408163,0.65,"[1.09365005e+07 1.11810220e+07 1.14377696e+07 ... 1.24606904e+09
 1.24606904e+09 1.24606904e+09]","[847.82172683 847.82172683 847.82172683 ... 470.0633182  470.0633182
 469.98313262]","[6.50000000e-01 6.50000000e-01 6.50000000e-01 ... 1.08055488e-05
 1.08055488e-05 1.07922117e-05]","[1.37401871e-04 1.37416591e-04 1.37430803e-04 ... 7.14181495e-08
 7.14181495e-08 7.13965704e-08]",[1 1 1 ... 6 6 6],[2.         2.         2.         ... 1.99993872 1.99993872 1.99993872],[1.6        1.6        1.6        ... 1.60000216 1.60000216 1.60000216],"[ 0.00000000e+00  0.00000000e+00  0.00000000e+00 ... -4.26190108e-07
 -4.26190108e-07 -4.26191443e-07]"
0.8,346.9387755102041,0.65,"[1.09365005e+07 1.11810220e+07 1.14377696e+07 ... 1.24606905e+09
 1.24606905e+09 1.24606905e+09]","[870.87428133 870.87428133 870.87428133 ... 483.16363676 483.16363676
 483.03831869]","[6.50000000e-01 6.50000000e-01 6.50000000e-01 ... 1.08161978e-04
 1.08161978e-04 1.07962927e-04]","[1.37401871e-04 1.37416591e-04 1.37430803e-04 ... 6.70765851e-08
 6.70765851e-08 6.71096424e-08]",[1 1 1 ... 6 6 6],[2.         2.         2.         ... 1.99993872 1.99993872 1.99993872],[1.6       1.6       1.6       ... 1.6000021 1.6000021 1.6000021],"[ 0.00000000e+00  0.00000000e+00  0.00000000e+00 ... -4.29129365e-07
 -4.29129365e-07 -4.29131762e-07]"
0.8,356.12244897959187,0.65,"[1.09365005e+07 1.11810220e+07 1.14377696e+07 ... 1.24606907e+09
 1.24606907e+09 1.24606907e+09]","[893.92683584 893.92683584 893.92683584 ... 495.9935541  495.9935541
 495.98840176]","[6.50000000e-01 6.50000000e-01 6.50000000e-01 ... 6.36111256e-04
 6.36111256e-04 6.36064929e-04]","[1.37401871e-04 1.37416591e-04 1.37430803e-04 ... 6.35849687e-08
 6.35849687e-08 6.35888561e-08]",[1 1 1 ... 6 6 6],[2.         2.         2.         ... 1.99993872 1.99993872 1.99993872],[1.6        1.6        1.6        ... 1.60000205 1.60000205 1.60000205],"[ 0.00000000e+00  0.00000000e+00  0.00000000e+00 ... -4.32759333e-07
 -4.32759333e-07 -4.32759448e-07]"
0.8,365.30612244897964,0.65,"[1.09365005e+07 1.11810220e+07 1.14377696e+07 ... 1.24606909e+09
 1.24606909e+09 1.24606909e+09]","[916.97939035 916.97939035 916.97939035 ... 508.96629046 508.96629046
 508.84579747]",[0.65       0.65       0.65       ... 0.00252245 0.00252245 0.00251829],"[1.37401871e-04 1.37416591e-04 1.37430803e-04 ... 6.06790186e-08
 6.06790186e-08 6.08036591e-08]",[1 1 1 ... 6 6 6],[2.         2.         2.         ... 1.99993872 1.99993872 1.99993872],[1.6        1.6        1.6        ... 1.60000199 1.60000199 1.60000199],"[ 0.00000000e+00  0.00000000e+00  0.00000000e+00 ... -4.36911774e-07
 -4.36911774e-07 -4.36914956e-07]"
0.8,374.48979591836735,0.65,"[1.09365005e+07 1.11810220e+07 1.14377696e+07 ... 1.24606911e+09
 1.24606911e+09 1.24606911e+09]","[940.03194485 940.03194485 940.03194485 ... 521.81372658 521.81372658
 521.72936561]",[0.65       0.65       0.65       ... 0.00738864 0.00738864 0.00738031],"[1.37401871e-04 1.37416591e-04 1.37430803e-04 ... 5.84822091e-08
 5.84822091e-08 5.85898249e-08]",[1 1 1 ... 6 6 6],[2.         2.         2.         ... 1.99993871 1.99993871 1.99993871],[1.6        1.6        1.6        ... 1.60000193 1.60000193 1.60000193],"[ 0.00000000e+00  0.00000000e+00  0.00000000e+00 ... -4.41264788e-07
 -4.41264788e-07 -4.41267464e-07]"
0.8,383.6734693877551,0.65,"[1.09365005e+07 1.11810220e+07 1.14377696e+07 ... 1.24606912e+09
 1.24606912e+09 1.24606912e+09]","[963.08449936 963.08449936 963.08449936 ... 535.02410961 535.02410961
 534.90762577]",[0.65       0.65       0.65       ... 0.01724772 0.01724772 0.01722164],"[1.37401871e-04 1.37416591e-04 1.37430803e-04 ... 5.64533427e-08
 5.64533427e-08 5.66176806e-08]",[1 1 1 ... 6 6 6],[2.         2.         2.         ... 1.99993871 1.99993871 1.99993871],[1.6        1.6        1.6        ... 1.60000187 1.60000187 1.60000187],"[ 0.00000000e+00  0.00000000e+00  0.00000000e+00 ... -4.45494035e-07
 -4.45494035e-07 -4.45498470e-07]"
0.8,392.8571428571429,0.65,"[1.09365005e+07 1.11810220e+07 1.14377696e+07 ... 1.24606914e+09
 1.24606914e+09 1.24606914e+09]","[986.13705386 986.13705386 986.13705386 ... 548.87003761 548.87003761
 548.86845874]",[0.65       0.65       0.65       ... 0.03387154 0.03387154 0.03387087],"[1.37401871e-04 1.37416591e-04 1.37430803e-04 ... 5.44100597e-08
 5.44100597e-08 5.44123763e-08]",[1 1 1 ... 6 6 6],[2.        2.        2.        ... 1.9999387 1.9999387 1.9999387],[1.6        1.6        1.6        ... 1.60000182 1.60000182 1.60000182],"[ 0.00000000e+00  0.00000000e+00  0.00000000e+00 ... -4.49404344e-07
 -4.49404344e-07 -4.49404414e-07]"
0.8,402.0408163265306,0.65,"[1.09365005e+07 1.11810220e+07 1.14377696e+07 ... 1.24606914e+09
 1.24606914e+09 1.24606914e+09]","[1009.18960837 1009.18960837 1009.18960837 ...  564.42644938  564.42644938
  564.22404109]",[0.65       0.65       0.65       ... 0.05869671 0.05869671 0.05856187],"[1.37401871e-04 1.37416591e-04 1.37430803e-04 ... 5.14972065e-08
 5.14972065e-08 5.17652465e-08]",[1 1 1 ... 6 6 6],[2.        2.        2.        ... 1.9999387 1.9999387 1.9999387],[1.6        1.6        1.6        ... 1.60000176 1.60000176 1.60000176],"[ 0.00000000e+00  0.00000000e+00  0.00000000e+00 ... -4.52881875e-07
 -4.52881875e-07 -4.52891920e-07]"
0.8,411.2244897959184,0.65,"[1.09365005e+07 1.11810220e+07 1.14377696e+07 ... 1.24606913e+09
 1.24606913e+09 1.24606913e+09]","[1032.24216287 1032.24216287 1032.24216287 ...  581.51197022  581.51197022
  581.47454732]",[0.65       0.65       0.65       ... 0.09118344 0.09118344 0.09114949],"[1.37401871e-04 1.37416591e-04 1.37430803e-04 ... 4.91945370e-08
 4.91945370e-08 4.92341856e-08]",[1 1 1 ... 6 6 6],[2.         2.         2.         ... 1.99993871 1.99993871 1.99993871],[1.6        1.6        1.6        ... 1.60000171 1.60000171 1.60000171],"[ 0.00000000e+00  0.00000000e+00  0.00000000e+00 ... -4.55870708e-07
 -4.55870708e-07 -4.55872658e-07]"
0.8,420.40816326530614,0.65,"[1.09365005e+07 1.11810220e+07 1.14377696e+07 ... 1.24606912e+09
 1.24606912e+09 1.24606912e+09]","[1055.29471738 1055.29471738 1055.29471738 ...  600.84634423  600.84634423
  600.82567023]",[0.65       0.65       0.65       ... 0.129307   0.129307   0.12928465],"[1.37401871e-04 1.37416591e-04 1.37430803e-04 ... 4.77693863e-08
 4.77693863e-08 4.77818474e-08]",[1 1 1 ... 6 6 6],[2.         2.         2.         ... 1.99993871 1.99993871 1.99993871],[1.6        1.6        1.6        ... 1.60000168 1.60000168 1.60000168],"[ 0.00000000e+00  0.00000000e+00  0.00000000e+00 ... -4.58414028e-07
 -4.58414028e-07 -4.58415101e-07]"
0.8,429.5918367346939,0.65,"[1.09365005e+07 1.11810220e+07 1.14377696e+07 ... 1.24606910e+09
 1.24606910e+09 1.24606910e+09]","[1078.34727189 1078.34727189 1078.34727189 ...  622.61263936  622.61263936
  622.60363601]",[0.65      0.65      0.65      ... 0.1706768 0.1706768 0.1706663],"[1.37401871e-04 1.37416591e-04 1.37430803e-04 ... 4.77494248e-08
 4.77494248e-08 4.77496211e-08]",[1 1 1 ... 6 6 6],[2.         2.         2.         ... 1.99993871 1.99993871 1.99993871],[1.6        1.6        1.6        ... 1.60000164 1.60000164 1.60000164],"[ 0.00000000e+00  0.00000000e+00  0.00000000e+00 ... -4.60692018e-07
 -4.60692018e-07 -4.60692469e-07]"
0.8,438.7755102040817,0.65,"[1.09365005e+07 1.11810220e+07 1.14377696e+07 ... 1.24595848e+09
 1.24595848e+09 1.24595848e+09]","[1101.39982639 1101.39982639 1101.39982639 ...  706.61119647  706.61119647
  706.46166032]",[0.65       0.65       0.65       ... 0.35062548 0.35062548 0.35048106],"[1.37401871e-04 1.37416591e-04 1.37430803e-04 ... 5.51984313e-08
 5.51984313e-08 5.53223291e-08]",[1 1 1 ... 6 6 6],[2.         2.         2.         ... 1.99994077 1.99994077 1.99994077],[1.6        1.6        1.6        ... 1.60000097 1.60000097 1.60000097],"[ 0.00000000e+00  0.00000000e+00  0.00000000e+00 ... -4.35034369e-07
 -4.35034369e-07 -4.35037932e-07]"
0.8,447.9591836734694,0.65,"[1.09365005e+07 1.11810220e+07 1.14377696e+07 ... 1.24595846e+09
 1.24595846e+09 1.24595846e+09]","[1124.4523809  1124.4523809  1124.4523809  ...  744.30300032  744.30300032
  744.09379801]",[0.65       0.65       0.65       ... 0.3865943  0.3865943  0.38641282],"[1.37401871e-04 1.37416591e-04 1.37430803e-04 ... 5.53563754e-08
 5.53563754e-08 5.54485257e-08]",[1 1 1 ... 6 6 6],[2.         2.         2.         ... 1.99994077 1.99994077 1.99994077],[1.6        1.6        1.6        ... 1.60000095 1.60000095 1.60000095],"[ 0.00000000e+00  0.00000000e+00  0.00000000e+00 ... -4.36834430e-07
 -4.36834430e-07 -4.36839133e-07]"
0.8,457.14285714285717,0.65,"[1.09365005e+07 1.11810220e+07 1.14377696e+07 ... 1.24595845e+09
 1.24595845e+09 1.24595846e+09]","[1147.5049354  1147.5049354  1147.5049354  ...  782.43288059  782.43288059
  782.14991935]",[0.65       0.65       0.65       ... 0.41739172 0.41739172 0.41716965],"[1.37401871e-04 1.37416591e-04 1.37430803e-04 ... 5.59353456e-08
 5.59353456e-08 5.60023308e-08]",[1 1 1 ... 6 6 6],[2.         2.         2.         ... 1.99994077 1.99994077 1.99994077],[1.6        1.6        1.6        ... 1.60000092 1.60000092 1.60000092],"[ 0.00000000e+00  0.00000000e+00  0.00000000e+00 ... -4.38599891e-07
 -4.38599891e-07 -4.38606092e-07]"
0.8,466.32653061224494,0.65,"[1.09365005e+07 1.11810220e+07 1.14377696e+07 ... 1.24595846e+09
 1.24595846e+09 1.24595846e+09]","[1170.55748991 1170.55748991 1170.55748991 ...  820.25591379  820.25591379
  820.00998006]",[0.65       0.65       0.65       ... 0.44330747 0.44330747 0.44313148],"[1.37401871e-04 1.37416591e-04 1.37430803e-04 ... 5.63738388e-08
 5.63738388e-08 5.64282864e-08]",[1 1 1 ... 6 6 6],[2.         2.         2.         ... 1.99994077 1.99994077 1.99994077],[1.6       1.6       1.6       ... 1.6000009 1.6000009 1.6000009],"[ 0.00000000e+00  0.00000000e+00  0.00000000e+00 ... -4.40353911e-07
 -4.40353911e-07 -4.40359279e-07]"
0.8,475.51020408163265,0.65,"[1.09365005e+07 1.11810220e+07 1.14377696e+07 ... 1.24595848e+09
 1.24595848e+09 1.24595848e+09]","[1193.61004442 1193.61004442 1193.61004442 ...  857.24308969  857.24308969
  857.23482012]",[0.65       0.65       0.65       ... 0.46499593 0.46499593 0.46499048],"[1.37401871e-04 1.37416591e-04 1.37430803e-04 ... 5.66897708e-08
 5.66897708e-08 5.66929422e-08]",[1 1 1 ... 6 6 6],[2.         2.         2.         ... 1.99994077 1.99994077 1.99994077],[1.6        1.6        1.6        ... 1.60000088 1.60000088 1.60000088],"[ 0.00000000e+00  0.00000000e+00  0.00000000e+00 ... -4.42119296e-07
 -4.42119296e-07 -4.42119480e-07]"
0.8,484.6938775510204,0.65,"[1.09365005e+07 1.11810220e+07 1.14377696e+07 ... 1.24606906e+09
 1.24606906e+09 1.24606906e+09]","[1216.66259892 1216.66259892 1216.66259892 ...  805.6373876   805.6373876
  805.59506711]",[0.65       0.65       0.65       ... 0.39181111 0.39181111 0.39177665],"[1.37401871e-04 1.37416591e-04 1.37430803e-04 ... 5.71840221e-08
 5.71840221e-08 5.70625632e-08]",[1 1 1 ... 6 6 6],[2.         2.         2.         ... 1.99993872 1.99993872 1.99993872],[1.6        1.6        1.6        ... 1.60000155 1.60000155 1.60000155],"[ 0.00000000e+00  0.00000000e+00  0.00000000e+00 ... -4.72241079e-07
 -4.72241079e-07 -4.72242720e-07]"
0.8,493.8775510204082,0.65,"[1.09365005e+07 1.11810220e+07 1.14377696e+07 ... 1.24606906e+09
 1.24606906e+09 1.24606906e+09]","[1239.71515343 1239.71515343 1239.71515343 ...  841.28697634  841.28697634
  841.21521604]",[0.65       0.65       0.65       ... 0.41707822 0.41707822 0.41702465],"[1.37401871e-04 1.37416591e-04 1.37430803e-04 ... 5.75817416e-08
 5.75817416e-08 5.73706983e-08]",[1 1 1 ... 6 6 6],[2.         2.         2.         ... 1.99993872 1.99993872 1.99993872],[1.6        1.6        1.6        ... 1.60000153 1.60000153 1.60000153],"[ 0.00000000e+00  0.00000000e+00  0.00000000e+00 ... -4.74314863e-07
 -4.74314863e-07 -4.74317626e-07]"
0.8,503.06122448979596,0.65,"[1.09365005e+07 1.11810220e+07 1.14377696e+07 ... 1.24606906e+09
 1.24606906e+09 1.24606906e+09]","[1262.76770793 1262.76770793 1262.76770793 ...  877.28043026  877.28043026
  877.27807013]",[0.65       0.65       0.65       ... 0.4392869  0.4392869  0.43928528],"[1.37401871e-04 1.37416591e-04 1.37430803e-04 ... 5.71691104e-08
 5.71691104e-08 5.71626856e-08]",[1 1 1 ... 6 6 6],[2.         2.         2.         ... 1.99993872 1.99993872 1.99993872],[1.6        1.6        1.6        ... 1.60000149 1.60000149 1.60000149],"[ 0.0000000e+00  0.0000000e+00  0.0000000e+00 ... -4.7669171e-07
 -4.7669171e-07 -4.7669180e-07]"
0.8,512.2448979591837,0.65,"[1.09365005e+07 1.11810220e+07 1.14377696e+07 ... 1.24606907e+09
 1.24606907e+09 1.24606907e+09]","[1285.82026244 1285.82026244 1285.82026244 ...  913.6784725   913.6784725
  913.59201462]",[0.65       0.65       0.65       ... 0.45902188 0.45902188 0.45896706],"[1.37401871e-04 1.37416591e-04 1.37430803e-04 ... 5.67508681e-08
 5.67508681e-08 5.65193121e-08]",[1 1 1 ... 6 6 6],[2.         2.         2.         ... 1.99993872 1.99993872 1.99993872],[1.6        1.6        1.6        ... 1.60000145 1.60000145 1.60000145],"[ 0.00000000e+00  0.00000000e+00  0.00000000e+00 ... -4.79052977e-07
 -4.79052977e-07 -4.79056339e-07]"
0.8,521.4285714285714,0.65,"[1.09365005e+07 1.11810220e+07 1.14377696e+07 ... 1.24606907e+09
 1.24606907e+09 1.24606907e+09]","[1308.87281695 1308.87281695 1308.87281695 ...  950.11402788  950.11402788
  950.07255329]",[0.65       0.65       0.65       ... 0.47650047 0.47650047 0.4764761 ],"[1.37401871e-04 1.37416591e-04 1.37430803e-04 ... 5.56140216e-08
 5.56140216e-08 5.55159328e-08]",[1 1 1 ... 6 6 6],[2.         2.         2.         ... 1.99993872 1.99993872 1.99993872],[1.6        1.6        1.6        ... 1.60000141 1.60000141 1.60000141],"[ 0.00000000e+00  0.00000000e+00  0.00000000e+00 ... -4.81171720e-07
 -4.81171720e-07 -4.81173379e-07]"
0.8,530.6122448979593,0.65,"[1.09365005e+07 1.11810220e+07 1.14377696e+07 ... 1.24606908e+09
 1.24606908e+09 1.24606908e+09]","[1331.92537145 1331.92537145 1331.92537145 ...  986.69484465  986.69484465
  986.65217767]",[0.65       0.65       0.65       ... 0.49216126 0.49216126 0.49213793],"[1.37401871e-04 1.37416591e-04 1.37430803e-04 ... 5.43157097e-08
 5.43157097e-08 5.42257303e-08]",[1 1 1 ... 6 6 6],[2.         2.         2.         ... 1.99993872 1.99993872 1.99993872],[1.6        1.6        1.6        ... 1.60000137 1.60000137 1.60000137],"[ 0.00000000e+00  0.00000000e+00  0.00000000e+00 ... -4.83083477e-07
 -4.83083477e-07 -4.83085248e-07]"
0.8,539.795918367347,0.65,"[1.09365005e+07 1.11810220e+07 1.14377696e+07 ... 1.24606908e+09
 1.24606908e+09 1.24606908e+09]","[1354.97792596 1354.97792596 1354.97792596 ... 1023.4554655  1023.4554655
 1023.36373225]",[0.65       0.65       0.65       ... 0.50632674 0.50632674 0.50627992],"[1.37401871e-04 1.37416591e-04 1.37430803e-04 ... 5.28915278e-08
 5.28915278e-08 5.27217619e-08]",[1 1 1 ... 6 6 6],[2.         2.         2.         ... 1.99993872 1.99993872 1.99993872],[1.6        1.6        1.6        ... 1.60000134 1.60000134 1.60000134],"[ 0.00000000e+00  0.00000000e+00  0.00000000e+00 ... -4.84879372e-07
 -4.84879372e-07 -4.84883308e-07]"
0.8,548.9795918367347,0.65,"[1.09365005e+07 1.11810220e+07 1.14377696e+07 ... 1.24606909e+09
 1.24606909e+09 1.24606909e+09]","[1378.03048046 1378.03048046 1378.03048046 ... 1060.19282097 1060.19282097
 1060.12025503]",[0.65       0.65       0.65       ... 0.5191092  0.5191092  0.51907451],"[1.37401871e-04 1.37416591e-04 1.37430803e-04 ... 5.11618405e-08
 5.11618405e-08 5.10506362e-08]",[1 1 1 ... 6 6 6],[2.         2.         2.         ... 1.99993872 1.99993872 1.99993872],[1.6       1.6       1.6       ... 1.6000013 1.6000013 1.6000013],"[ 0.00000000e+00  0.00000000e+00  0.00000000e+00 ... -4.86669332e-07
 -4.86669332e-07 -4.86672542e-07]"
0.8,558.1632653061224,0.65,"[1.09365005e+07 1.11810220e+07 1.14377696e+07 ... 1.24606910e+09
 1.24606910e+09 1.24606910e+09]","[1401.08303497 1401.08303497 1401.08303497 ... 1097.14121349 1097.14121349
 1097.04086124]",[0.65       0.65       0.65       ... 0.53084056 0.53084056 0.53079548],"[1.37401871e-04 1.37416591e-04 1.37430803e-04 ... 4.94022970e-08
 4.94022970e-08 4.92772149e-08]",[1 1 1 ... 6 6 6],[2.         2.         2.         ... 1.99993871 1.99993871 1.99993871],[1.6        1.6        1.6        ... 1.60000127 1.60000127 1.60000127],"[ 0.00000000e+00  0.00000000e+00  0.00000000e+00 ... -4.88413274e-07
 -4.88413274e-07 -4.88417875e-07]"
0.8,567.3469387755102,0.65,"[1.09365005e+07 1.11810220e+07 1.14377696e+07 ... 1.24606911e+09
 1.24606911e+09 1.24606911e+09]","[1424.13558947 1424.13558947 1424.13558947 ... 1134.02793814 1134.02793814
 1133.99204679]",[0.65       0.65       0.65       ... 0.54152425 0.54152425 0.54150906],"[1.37401871e-04 1.37416591e-04 1.37430803e-04 ... 4.74669331e-08
 4.74669331e-08 4.74334512e-08]",[1 1 1 ... 6 6 6],[2.         2.         2.         ... 1.99993871 1.99993871 1.99993871],[1.6        1.6        1.6        ... 1.60000124 1.60000124 1.60000124],"[ 0.00000000e+00  0.00000000e+00  0.00000000e+00 ... -4.90062817e-07
 -4.90062817e-07 -4.90064529e-07]"
0.8,576.5306122448981,0.65,"[1.09365005e+07 1.11810220e+07 1.14377696e+07 ... 1.24606912e+09
 1.24606912e+09 1.24606912e+09]","[1447.18814398 1447.18814398 1447.18814398 ... 1170.43047382 1170.43047382
 1170.37352433]",[0.65      0.65      0.65      ... 0.5510475 0.5510475 0.5510247],"[1.37401871e-04 1.37416591e-04 1.37430803e-04 ... 4.55699174e-08
 4.55699174e-08 4.55318300e-08]",[1 1 1 ... 6 6 6],[2.         2.         2.         ... 1.99993871 1.99993871 1.99993871],[1.6       1.6       1.6       ... 1.6000012 1.6000012 1.6000012],"[ 0.00000000e+00  0.00000000e+00  0.00000000e+00 ... -4.91697627e-07
 -4.91697627e-07 -4.91700475e-07]"
0.8,585.7142857142858,0.65,"[1.09365005e+07 1.11810220e+07 1.14377696e+07 ... 1.24606914e+09
 1.24606914e+09 1.24606914e+09]","[1470.24069849 1470.24069849 1470.24069849 ... 1206.07318576 1206.07318576
 1206.05233622]",[0.65       0.65       0.65       ... 0.55945967 0.55945967 0.55945174],"[1.37401871e-04 1.37416591e-04 1.37430803e-04 ... 4.36398973e-08
 4.36398973e-08 4.36315159e-08]",[1 1 1 ... 6 6 6],[2.        2.        2.        ... 1.9999387 1.9999387 1.9999387],[1.6        1.6        1.6        ... 1.60000118 1.60000118 1.60000118],"[ 0.00000000e+00  0.00000000e+00  0.00000000e+00 ... -4.93332367e-07
 -4.93332367e-07 -4.93333468e-07]"
0.8,594.8979591836735,0.65,"[1.09365005e+07 1.11810220e+07 1.14377696e+07 ... 1.24606916e+09
 1.24606916e+09 1.24606916e+09]","[1493.29325299 1493.29325299 1493.29325299 ... 1240.79631921 1240.79631921
 1240.77409558]",[0.65       0.65       0.65       ... 0.5668472  0.5668472  0.56683915],"[1.37401871e-04 1.37416591e-04 1.37430803e-04 ... 4.18288833e-08
 4.18288833e-08 4.18256683e-08]",[1 1 1 ... 6 6 6],[2.        2.        2.        ... 1.9999387 1.9999387 1.9999387],[1.6        1.6        1.6        ... 1.60000115 1.60000115 1.60000115],"[ 0.00000000e+00  0.00000000e+00  0.00000000e+00 ... -4.94979719e-07
 -4.94979719e-07 -4.94980970e-07]"
0.8,604.0816326530612,0.65,"[1.09365005e+07 1.11810220e+07 1.14377696e+07 ... 1.24606920e+09
 1.24606920e+09 1.24606921e+09]","[1516.3458075  1516.3458075  1516.3458075  ... 1273.83374784 1273.83374784
 1273.39436048]",[0.65       0.65       0.65       ... 0.57307167 0.57307167 0.57291892],"[1.37401871e-04 1.37416591e-04 1.37430803e-04 ... 4.04039509e-08
 4.04039509e-08 4.04586402e-08]",[1 1 1 ... 6 6 6],[2.         2.         2.         ... 1.99993869 1.99993869 1.99993868],[1.6        1.6        1.6        ... 1.60000113 1.60000113 1.60000113],"[ 0.00000000e+00  0.00000000e+00  0.00000000e+00 ... -4.96694315e-07
 -4.96694315e-07 -4.96721021e-07]"
0.8,613.265306122449,0.65,"[1.09365005e+07 1.11810220e+07 1.14377696e+07 ... 1.24619627e+09
 1.24619627e+09 1.24619627e+09]","[1539.398362   1539.398362   1539.398362   ... 1166.93385417 1166.93385417
 1166.91029618]",[0.65       0.65       0.65       ... 0.51049184 0.51049184 0.51048133],"[1.37401871e-04 1.37416591e-04 1.37430803e-04 ... 4.58143225e-08
 4.58143225e-08 4.57842383e-08]",[1 1 1 ... 6 6 6],[2.         2.         2.         ... 1.99993452 1.99993452 1.99993452],[1.6        1.6        1.6        ... 1.60000224 1.60000224 1.60000224],"[ 0.00000000e+00  0.00000000e+00  0.00000000e+00 ... -5.61235215e-07
 -5.61235215e-07 -5.61237966e-07]"
0.8,622.4489795918367,0.65,"[1.09365005e+07 1.11810220e+07 1.14377696e+07 ... 1.24619628e+09
 1.24619628e+09 1.24619628e+09]","[1562.45091651 1562.45091651 1562.45091651 ... 1204.42102272 1204.42102272
 1204.34303537]",[0.65       0.65       0.65       ... 0.52202673 0.52202673 0.52199395],"[1.37401871e-04 1.37416591e-04 1.37430803e-04 ... 4.46993002e-08
 4.46993002e-08 4.46133722e-08]",[1 1 1 ... 6 6 6],[2.         2.         2.         ... 1.99993452 1.99993452 1.99993452],[1.6        1.6        1.6        ... 1.60000219 1.60000219 1.60000219],"[ 0.00000000e+00  0.00000000e+00  0.00000000e+00 ... -5.62629253e-07
 -5.62629253e-07 -5.62638728e-07]"
0.8,631.6326530612246,0.65,"[1.09365005e+07 1.11810220e+07 1.14377696e+07 ... 1.24619629e+09
 1.24619629e+09 1.24619629e+09]","[1585.50347102 1585.50347102 1585.50347102 ... 1241.43083731 1241.43083731
 1241.39057101]",[0.65       0.65       0.65       ... 0.53235579 0.53235579 0.53233978],"[1.37401871e-04 1.37416591e-04 1.37430803e-04 ... 4.33691749e-08
 4.33691749e-08 4.33341037e-08]",[1 1 1 ... 6 6 6],[2.         2.         2.         ... 1.99993451 1.99993451 1.99993451],[1.6        1.6        1.6        ... 1.60000214 1.60000214 1.60000214],"[ 0.00000000e+00  0.00000000e+00  0.00000000e+00 ... -5.64047164e-07
 -5.64047164e-07 -5.64052298e-07]"
0.8,640.8163265306123,0.65,"[1.09365005e+07 1.11810220e+07 1.14377696e+07 ... 1.24619630e+09
 1.24619630e+09 1.24619630e+09]","[1608.55602552 1608.55602552 1608.55602552 ... 1278.04958308 1278.04958308
 1277.9586985 ]",[0.65      0.65      0.65      ... 0.541667  0.541667  0.5416327],"[1.37401871e-04 1.37416591e-04 1.37430803e-04 ... 4.20418455e-08
 4.20418455e-08 4.19801490e-08]",[1 1 1 ... 6 6 6],[2.         2.         2.         ... 1.99993451 1.99993451 1.99993451],[1.6       1.6       1.6       ... 1.6000021 1.6000021 1.6000021],"[ 0.00000000e+00  0.00000000e+00  0.00000000e+00 ... -5.65481790e-07
 -5.65481790e-07 -5.65494017e-07]"
0.8,650.0,0.65,"[1.09365005e+07 1.11810220e+07 1.14377696e+07 ... 1.24619631e+09
 1.24619631e+09 1.24619631e+09]","[1631.60858003 1631.60858003 1631.60858003 ... 1314.01862614 1314.01862614
 1313.95621525]",[0.65       0.65       0.65       ... 0.54999249 0.54999249 0.54997006],"[1.37401871e-04 1.37416591e-04 1.37430803e-04 ... 4.06142548e-08
 4.06142548e-08 4.05848055e-08]",[1 1 1 ... 6 6 6],[2.        2.        2.        ... 1.9999345 1.9999345 1.9999345],[1.6        1.6        1.6        ... 1.60000206 1.60000206 1.60000206],"[ 0.00000000e+00  0.00000000e+00  0.00000000e+00 ... -5.66974414e-07
 -5.66974414e-07 -5.66983345e-07]"
